{  
   "startCampaignTransitions":{  
      "9943":{  
         "__comments":"Thumb Wars 2014",
         "optin":167209,
         "optout":126067,
         "left":391.390625,
         "top":83.390625
      },
      "10857":{  
         "__comments":"The Hunt 2014 Quiz to Pre-Campaign Tips",
         "optin":167415,
         "optout":126181,
         "left":298.390625,
         "top":59.390625
      }
   },
   "yesNoPaths":[  
      {  
         "__comments":"Comeback Clothes 2014",
         "incomingPath":166253,
         "yes":165419,
         "no":165417,
         "$$hashKey":25,
         "left":327.390625,
         "top":37.390625
      },
      {  
         "__comments":"Thumb Wars 2014 MMS Check",
         "incomingPath":167259,
         "yes":167297,
         "no":167299,
         "$$hashKey":26,
         "left":418.390625,
         "top":36.390625
      }
   ]
}